Time,Gear,Acc_Rx,Acc_Wx,Acc_Ry,Acc_Wy,Acc_Rz,Acc_Wz
0,P,0.0204,0.03,0.0408,0.05,0.0612,0.07
0.05,P,0.019,0.0315,0.038,0.0525,0.057,0.0735
0.1,P,0.02,0.0291,0.04,0.0485,0.06,0.0679
0.15,P,0.0206,0.0312,0.0412,0.052,0.0618,0.0728
0.2,P,0.0208,0.0291,0.0416,0.0485,0.0624,0.0679
0.25,P,0.0206,0.0285,0.0412,0.0475,0.0618,0.0665
0.3,P,0.02,0.0297,0.04,0.0495,0.06,0.0693
0.35,P,0.0198,0.0294,0.0396,0.049,0.0594,0.0686
0.4,P,0.0198,0.0285,0.0396,0.0475,0.0594,0.0665
0.45,P,0.02,0.0312,0.04,0.052,0.06,0.0728
0.5,P,0.0202,0.0285,0.0404,0.0475,0.0606,0.0665
0.55,P,0.0202,0.0306,0.0404,0.051,0.0606,0.0714
0.6,K,0.0192,0.0288,0.0384,0.048,0.0576,0.0672
0.65,K,0.0198,0.0309,0.0396,0.0515,0.0594,0.0721
0.7,K,0.02,0.0306,0.04,0.051,0.06,0.0714
0.75,P,0.0206,0.0297,0.0412,0.0495,0.0618,0.0693
0.8,P,0.0202,0.0312,0.0404,0.052,0.0606,0.0728
0.85,P,0.0192,0.0312,0.0384,0.052,0.0576,0.0728
0.9,P,0.0206,0.0315,0.0412,0.0525,0.0618,0.0735
0.95,P,0.0202,0.0297,0.0404,0.0495,0.0606,0.0693
1,P,0.021,0.0288,0.042,0.048,0.063,0.0672
1.05,P,0.0204,0.0303,0.0408,0.0505,0.0612,0.0707
1.1,P,0.0202,0.0309,0.0404,0.0515,0.0606,0.0721
1.15,P,0.0196,0.0288,0.0392,0.048,0.0588,0.0672
1.2,P,0.0204,0.0306,0.0408,0.051,0.0612,0.0714
1.25,P,0.0206,0.0312,0.0412,0.052,0.0618,0.0728
1.3,P,0.0204,0.0288,0.0408,0.048,0.0612,0.0672
1.35,P,0.0206,0.0306,0.0412,0.051,0.0618,0.0714
1.4,P,0.0194,0.0294,0.0388,0.049,0.0582,0.0686
1.45,P,0.0198,0.0297,0.0396,0.0495,0.0594,0.0693
1.5,P,0.021,0.0294,0.042,0.049,0.063,0.0686
1.55,P,0.0198,0.0285,0.0396,0.0475,0.0594,0.0665
1.6,P,0.0208,0.0291,0.0416,0.0485,0.0624,0.0679
1.65,P,0.0208,0.0315,0.0416,0.0525,0.0624,0.0735
1.7,P,0.021,0.0285,0.042,0.0475,0.063,0.0665
1.75,P,0.02,0.0309,0.04,0.0515,0.06,0.0721
1.8,P,0.0192,0.0312,0.0384,0.052,0.0576,0.0728
1.85,P,0.021,0.0309,0.042,0.0515,0.063,0.0721
1.9,P,0.0196,0.0294,0.0392,0.049,0.0588,0.0686
1.95,P,0.0192,0.0312,0.0384,0.052,0.0576,0.0728
2,P,0.0202,0.0309,0.0404,0.0515,0.0606,0.0721
2.05,P,0.0204,0.0291,0.0408,0.0485,0.0612,0.0679
2.1,P,0.019,0.0297,0.038,0.0495,0.057,0.0693
2.15,P,0.0208,0.0297,0.0416,0.0495,0.0624,0.0693
2.2,P,0.0196,0.0309,0.0392,0.0515,0.0588,0.0721
2.25,P,0.019,0.0294,0.038,0.049,0.057,0.0686
2.3,P,0.0206,0.0288,0.0412,0.048,0.0618,0.0672
2.35,P,0.0206,0.0315,0.0412,0.0525,0.0618,0.0735
2.4,P,0.0204,0.0315,0.0408,0.0525,0.0612,0.0735
2.45,P,0.021,0.0303,0.042,0.0505,0.063,0.0707
2.5,P,0.0192,0.0309,0.0384,0.0515,0.0576,0.0721
2.55,P,0.0202,0.0291,0.0404,0.0485,0.0606,0.0679
2.6,P,0.0198,0.03,0.0396,0.05,0.0594,0.07
2.65,P,0.02,0.0303,0.04,0.0505,0.06,0.0707
2.7,P,0.0198,0.0285,0.0396,0.0475,0.0594,0.0665
2.75,P,0.0194,0.0288,0.0388,0.048,0.0582,0.0672
2.8,P,0.0198,0.0297,0.0396,0.0495,0.0594,0.0693
2.85,P,0.0194,0.0306,0.0388,0.051,0.0582,0.0714
2.9,P,0.0194,0.0306,0.0388,0.051,0.0582,0.0714
2.95,P,0.0192,0.0306,0.0384,0.051,0.0576,0.0714
3,P,0.0204,0.03,0.0408,0.05,0.0612,0.07
3.05,P,0.021,0.0294,0.042,0.049,0.063,0.0686
3.1,P,0.0196,0.0309,0.0392,0.0515,0.0588,0.0721
3.15,P,0.0202,0.0312,0.0404,0.052,0.0606,0.0728
3.2,P,0.019,0.0297,0.038,0.0495,0.057,0.0693
3.25,P,0.0202,0.0312,0.0404,0.052,0.0606,0.0728
3.3,P,0.0208,0.0285,0.0416,0.0475,0.0624,0.0665
3.35,P,0.019,0.0312,0.038,0.052,0.057,0.0728
3.4,P,0.0202,0.0297,0.0404,0.0495,0.0606,0.0693
3.45,P,0.0192,0.0291,0.0384,0.0485,0.0576,0.0679
3.5,P,0.0192,0.0303,0.0384,0.0505,0.0576,0.0707
3.55,P,0.021,0.03,0.042,0.05,0.063,0.07
3.6,P,0.0196,0.0312,0.0392,0.052,0.0588,0.0728
3.65,P,0.0208,0.03,0.0416,0.05,0.0624,0.07
3.7,P,0.0206,0.03,0.0412,0.05,0.0618,0.07
3.75,P,0.019,0.0297,0.038,0.0495,0.057,0.0693
3.8,P,0.021,0.0309,0.042,0.0515,0.063,0.0721
3.85,P,0.02,0.0291,0.04,0.0485,0.06,0.0679
3.9,P,0.0204,0.0294,0.0408,0.049,0.0612,0.0686
3.95,P,0.0208,0.0312,0.0416,0.052,0.0624,0.0728
4,P,0.02,0.0309,0.04,0.0515,0.06,0.0721
4.05,P,0.0204,0.0303,0.0408,0.0505,0.0612,0.0707
4.1,P,0.021,0.0294,0.042,0.049,0.063,0.0686
4.15,P,0.0196,0.0297,0.0392,0.0495,0.0588,0.0693
4.2,P,0.0192,0.0303,0.0384,0.0505,0.0576,0.0707
4.25,P,0.02,0.0309,0.04,0.0515,0.06,0.0721
4.3,P,0.02,0.0285,0.04,0.0475,0.06,0.0665
4.35,P,0.0196,0.0303,0.0392,0.0505,0.0588,0.0707
4.4,P,0.0202,0.0309,0.0404,0.0515,0.0606,0.0721
4.45,P,0.0194,0.0315,0.0388,0.0525,0.0582,0.0735
4.5,P,0.0204,0.0315,0.0408,0.0525,0.0612,0.0735
4.55,P,0.0198,0.0288,0.0396,0.048,0.0594,0.0672
4.6,P,0.0208,0.03,0.0416,0.05,0.0624,0.07
4.65,P,0.0196,0.03,0.0392,0.05,0.0588,0.07
4.7,P,0.021,0.0291,0.042,0.0485,0.063,0.0679
4.75,P,0.021,0.0309,0.042,0.0515,0.063,0.0721
4.8,P,0.019,0.0285,0.038,0.0475,0.057,0.0665
4.85,P,0.021,0.0309,0.042,0.0515,0.063,0.0721
4.9,P,0.0194,0.0309,0.0388,0.0515,0.0582,0.0721
4.95,P,0.02,0.0297,0.04,0.0495,0.06,0.0693
5,P,0.0192,0.0285,0.0384,0.0475,0.0576,0.0665
5.05,P,0.0202,0.0303,0.0404,0.0505,0.0606,0.0707
5.1,P,0.02,0.0285,0.04,0.0475,0.06,0.0665
5.15,P,0.0202,0.0294,0.0404,0.049,0.0606,0.0686
5.2,P,0.0192,0.0309,0.0384,0.0515,0.0576,0.0721
5.25,P,0.0206,0.0309,0.0412,0.0515,0.0618,0.0721
5.3,P,0.0202,0.0294,0.0404,0.049,0.0606,0.0686
5.35,P,0.0192,0.0294,0.0384,0.049,0.0576,0.0686
5.4,P,0.0194,0.0309,0.0388,0.0515,0.0582,0.0721
5.45,P,0.021,0.0309,0.042,0.0515,0.063,0.0721
5.5,P,0.0192,0.0297,0.0384,0.0495,0.0576,0.0693
5.55,P,0.021,0.0297,0.042,0.0495,0.063,0.0693
5.6,P,0.021,0.0309,0.042,0.0515,0.063,0.0721
5.65,P,0.0202,0.0312,0.0404,0.052,0.0606,0.0728
5.7,P,0.02,0.0315,0.04,0.0525,0.06,0.0735
5.75,P,0.0194,0.0303,0.0388,0.0505,0.0582,0.0707
5.8,P,0.02,0.0303,0.04,0.0505,0.06,0.0707
5.85,P,0.0202,0.0312,0.0404,0.052,0.0606,0.0728
5.9,P,0.019,0.0294,0.038,0.049,0.057,0.0686
5.95,P,0.0198,0.0303,0.0396,0.0505,0.0594,0.0707
6,P,0.019,0.0297,0.038,0.0495,0.057,0.0693
6.05,P,0.0208,0.0315,0.0416,0.0525,0.0624,0.0735
6.1,P,0.0194,0.0294,0.0388,0.049,0.0582,0.0686
6.15,P,0.0196,0.0288,0.0392,0.048,0.0588,0.0672
6.2,P,0.02,0.0288,0.04,0.048,0.06,0.0672
6.25,P,0.0206,0.0306,0.0412,0.051,0.0618,0.0714
6.3,P,0.0206,0.0285,0.0412,0.0475,0.0618,0.0665
6.35,P,0.02,0.0285,0.04,0.0475,0.06,0.0665
6.4,P,0.02,0.0306,0.04,0.051,0.06,0.0714
6.45,P,0.0194,0.0294,0.0388,0.049,0.0582,0.0686
6.5,P,0.019,0.03,0.038,0.05,0.057,0.07
6.55,P,0.0202,0.0297,0.0404,0.0495,0.0606,0.0693
6.6,P,0.019,0.0306,0.038,0.051,0.057,0.0714
6.65,P,0.0194,0.0288,0.0388,0.048,0.0582,0.0672
6.7,P,0.0204,0.03,0.0408,0.05,0.0612,0.07
6.75,P,0.0204,0.03,0.0408,0.05,0.0612,0.07
6.8,P,0.0198,0.0306,0.0396,0.051,0.0594,0.0714
6.85,P,0.0208,0.0288,0.0416,0.048,0.0624,0.0672
6.9,P,0.0198,0.0306,0.0396,0.051,0.0594,0.0714
6.95,P,0.021,0.0285,0.042,0.0475,0.063,0.0665
7,P,0.0204,0.0288,0.0408,0.048,0.0612,0.0672
7.05,P,0.0208,0.0312,0.0416,0.052,0.0624,0.0728
7.1,P,0.02,0.0297,0.04,0.0495,0.06,0.0693
7.15,P,0.0204,0.0294,0.0408,0.049,0.0612,0.0686
7.2,P,0.0208,0.0291,0.0416,0.0485,0.0624,0.0679
7.25,P,0.0194,0.0297,0.0388,0.0495,0.0582,0.0693
7.3,P,0.019,0.0297,0.038,0.0495,0.057,0.0693
7.35,P,0.0194,0.0291,0.0388,0.0485,0.0582,0.0679
7.4,P,0.0202,0.0291,0.0404,0.0485,0.0606,0.0679
7.45,P,0.0196,0.0306,0.0392,0.051,0.0588,0.0714
7.5,P,0.0204,0.0306,0.0408,0.051,0.0612,0.0714
7.55,R,0.0196,0.03,0.0392,0.05,0.0588,0.07
7.6,R,0.0194,0.0294,0.0388,0.049,0.0582,0.0686
7.65,R,0.0208,0.0285,0.0416,0.0475,0.0624,0.0665
7.7,R,0.021,0.0309,0.042,0.0515,0.063,0.0721
7.75,R,0.0194,0.0303,0.0388,0.0505,0.0582,0.0707
7.8,R,0.0196,0.0285,0.0392,0.0475,0.0588,0.0665
7.85,R,0.019,0.0291,0.038,0.0485,0.057,0.0679
7.9,R,0.0192,0.0306,0.0384,0.051,0.0576,0.0714
7.95,R,0.021,0.03,0.042,0.05,0.063,0.07
8,R,0.0208,0.0288,0.0416,0.048,0.0624,0.0672
8.05,R,0.0192,0.0291,0.0384,0.0485,0.0576,0.0679
8.1,R,0.0208,0.0303,0.0416,0.0505,0.0624,0.0707
8.15,R,0.0198,0.0306,0.0396,0.051,0.0594,0.0714
8.2,R,0.0202,0.0288,0.0404,0.048,0.0606,0.0672
8.25,R,0.0202,0.0303,0.0404,0.0505,0.0606,0.0707
8.3,R,0.0198,0.0294,0.0396,0.049,0.0594,0.0686
8.35,R,0.0196,0.0291,0.0392,0.0485,0.0588,0.0679
8.4,R,0.0202,0.0291,0.0404,0.0485,0.0606,0.0679
8.45,R,0.0194,0.0288,0.0388,0.048,0.0582,0.0672
8.5,R,0.0204,0.0312,0.0408,0.052,0.0612,0.0728
8.55,R,0.0198,0.0291,0.0396,0.0485,0.0594,0.0679
8.6,R,0.0206,0.0294,0.0412,0.049,0.0618,0.0686
8.65,R,0.0202,0.0312,0.0404,0.052,0.0606,0.0728
8.7,R,0.0198,0.0303,0.0396,0.0505,0.0594,0.0707
8.75,R,0.0194,0.03,0.0388,0.05,0.0582,0.07
8.8,R,0.0202,0.0303,0.0404,0.0505,0.0606,0.0707
8.85,R,0.02,0.0297,0.04,0.0495,0.06,0.0693
8.9,R,0.0206,0.0291,0.0412,0.0485,0.0618,0.0679
8.95,R,0.02,0.0288,0.04,0.048,0.06,0.0672
9,R,0.019,0.0309,0.038,0.0515,0.057,0.0721
9.05,R,0.0208,0.0315,0.0416,0.0525,0.0624,0.0735
9.1,R,0.021,0.0303,0.042,0.0505,0.063,0.0707
9.15,R,0.021,0.0309,0.042,0.0515,0.063,0.0721
9.2,R,0.021,0.0297,0.042,0.0495,0.063,0.0693
9.25,R,0.0194,0.0309,0.0388,0.0515,0.0582,0.0721
9.3,R,0.0208,0.0315,0.0416,0.0525,0.0624,0.0735
9.35,R,0.0192,0.03,0.0384,0.05,0.0576,0.07
9.4,R,0.0208,0.0288,0.0416,0.048,0.0624,0.0672
9.45,R,0.0208,0.0315,0.0416,0.0525,0.0624,0.0735
9.5,R,0.019,0.0309,0.038,0.0515,0.057,0.0721
9.55,R,0.0208,0.0294,0.0416,0.049,0.0624,0.0686
9.6,R,0.0206,0.0315,0.0412,0.0525,0.0618,0.0735
9.65,R,0.0204,0.0291,0.0408,0.0485,0.0612,0.0679
9.7,R,0.0206,0.0294,0.0412,0.049,0.0618,0.0686
9.75,R,0.0196,0.0306,0.0392,0.051,0.0588,0.0714
9.8,R,0.0208,0.0312,0.0416,0.052,0.0624,0.0728
9.85,R,0.019,0.0291,0.038,0.0485,0.057,0.0679
9.9,R,0.021,0.0288,0.042,0.048,0.063,0.0672
9.95,R,0.0198,0.0303,0.0396,0.0505,0.0594,0.0707
10,R,0.0194,0.03,0.0388,0.05,0.0582,0.07
10.05,R,0.0198,0.0291,0.0396,0.0485,0.0594,0.0679
10.1,R,0.0192,0.0285,0.0384,0.0475,0.0576,0.0665
10.15,R,0.0194,0.0285,0.0388,0.0475,0.0582,0.0665
10.2,R,0.0202,0.0306,0.0404,0.051,0.0606,0.0714
10.25,R,0.0192,0.0315,0.0384,0.0525,0.0576,0.0735
10.3,R,0.0202,0.0294,0.0404,0.049,0.0606,0.0686
10.35,R,0.02,0.0294,0.04,0.049,0.06,0.0686
10.4,R,0.0208,0.0312,0.0416,0.052,0.0624,0.0728
10.45,R,0.019,0.0309,0.038,0.0515,0.057,0.0721
10.5,R,0.0204,0.0306,0.0408,0.051,0.0612,0.0714
10.55,R,0.0194,0.0312,0.0388,0.052,0.0582,0.0728
10.6,R,0.0208,0.0315,0.0416,0.0525,0.0624,0.0735
10.65,R,0.0194,0.0297,0.0388,0.0495,0.0582,0.0693
10.7,R,0.0204,0.0294,0.0408,0.049,0.0612,0.0686
10.75,R,0.019,0.0303,0.038,0.0505,0.057,0.0707
10.8,R,0.0206,0.0312,0.0412,0.052,0.0618,0.0728
10.85,R,0.0208,0.0315,0.0416,0.0525,0.0624,0.0735
10.9,R,0.0196,0.0315,0.0392,0.0525,0.0588,0.0735
10.95,R,0.0208,0.0285,0.0416,0.0475,0.0624,0.0665
11,R,0.0194,0.0312,0.0388,0.052,0.0582,0.0728
11.05,R,0.02,0.0303,0.04,0.0505,0.06,0.0707
11.1,R,0.0208,0.0294,0.0416,0.049,0.0624,0.0686
11.15,R,0.0208,0.0294,0.0416,0.049,0.0624,0.0686
11.2,R,0.0198,0.0303,0.0396,0.0505,0.0594,0.0707
11.25,R,0.021,0.0303,0.042,0.0505,0.063,0.0707
11.3,R,0.0204,0.0285,0.0408,0.0475,0.0612,0.0665
11.35,R,0.0208,0.0291,0.0416,0.0485,0.0624,0.0679
11.4,R,0.0196,0.0294,0.0392,0.049,0.0588,0.0686
11.45,R,0.0202,0.0303,0.0404,0.0505,0.0606,0.0707
11.5,R,0.0198,0.0306,0.0396,0.051,0.0594,0.0714
11.55,R,0.0192,0.0312,0.0384,0.052,0.0576,0.0728
11.6,R,0.019,0.0312,0.038,0.052,0.057,0.0728
11.65,R,0.0208,0.03,0.0416,0.05,0.0624,0.07
11.7,R,0.0202,0.0297,0.0404,0.0495,0.0606,0.0693
11.75,R,0.0202,0.0306,0.0404,0.051,0.0606,0.0714
11.8,R,0.02,0.0297,0.04,0.0495,0.06,0.0693
11.85,R,0.02,0.03,0.04,0.05,0.06,0.07
11.9,R,0.02,0.0291,0.04,0.0485,0.06,0.0679
11.95,R,0.0198,0.03,0.0396,0.05,0.0594,0.07
12,R,0.019,0.0306,0.038,0.051,0.057,0.0714
12.05,R,0.0194,0.0303,0.0388,0.0505,0.0582,0.0707
12.1,R,0.02,0.0294,0.04,0.049,0.06,0.0686
12.15,R,0.0194,0.0285,0.0388,0.0475,0.0582,0.0665
12.2,R,0.0202,0.0294,0.0404,0.049,0.0606,0.0686
12.25,R,0.0204,0.0285,0.0408,0.0475,0.0612,0.0665
12.3,R,0.0206,0.0297,0.0412,0.0495,0.0618,0.0693
12.35,R,0.0204,0.0288,0.0408,0.048,0.0612,0.0672
12.4,R,0.0204,0.0303,0.0408,0.0505,0.0612,0.0707
12.45,R,0.019,0.0297,0.038,0.0495,0.057,0.0693
12.5,R,0.0196,0.0285,0.0392,0.0475,0.0588,0.0665
12.55,R,0.0194,0.0288,0.0388,0.048,0.0582,0.0672
12.6,R,0.021,0.0303,0.042,0.0505,0.063,0.0707
12.65,R,0.0204,0.0288,0.0408,0.048,0.0612,0.0672
12.7,R,0.021,0.0297,0.042,0.0495,0.063,0.0693
12.75,R,0.0208,0.0285,0.0416,0.0475,0.0624,0.0665
12.8,R,0.0196,0.0294,0.0392,0.049,0.0588,0.0686
12.85,R,0.02,0.0285,0.04,0.0475,0.06,0.0665
12.9,R,0.0208,0.0285,0.0416,0.0475,0.0624,0.0665
12.95,R,0.0206,0.0303,0.0412,0.0505,0.0618,0.0707
13,R,0.0196,0.0315,0.0392,0.0525,0.0588,0.0735
13.05,R,0.019,0.0303,0.038,0.0505,0.057,0.0707
13.1,R,0.019,0.0285,0.038,0.0475,0.057,0.0665
13.15,R,0.021,0.0285,0.042,0.0475,0.063,0.0665
13.2,R,0.02,0.0312,0.04,0.052,0.06,0.0728
13.25,R,0.021,0.0288,0.042,0.048,0.063,0.0672
13.3,R,0.0208,0.03,0.0416,0.05,0.0624,0.07
13.35,R,0.0198,0.0291,0.0396,0.0485,0.0594,0.0679
13.4,R,0.019,0.0294,0.038,0.049,0.057,0.0686
13.45,R,0.0196,0.0294,0.0392,0.049,0.0588,0.0686
13.5,R,0.0206,0.0315,0.0412,0.0525,0.0618,0.0735
13.55,R,0.021,0.0285,0.042,0.0475,0.063,0.0665
13.6,R,0.0202,0.0294,0.0404,0.049,0.0606,0.0686
13.65,R,0.0198,0.0291,0.0396,0.0485,0.0594,0.0679
13.7,R,0.0206,0.0297,0.0412,0.0495,0.0618,0.0693
13.75,R,0.0196,0.0294,0.0392,0.049,0.0588,0.0686
13.8,R,0.0202,0.0294,0.0404,0.049,0.0606,0.0686
13.85,R,0.0208,0.0297,0.0416,0.0495,0.0624,0.0693
13.9,R,0.0196,0.0291,0.0392,0.0485,0.0588,0.0679
13.95,R,0.0196,0.0312,0.0392,0.052,0.0588,0.0728
14,R,0.0196,0.0315,0.0392,0.0525,0.0588,0.0735
14.05,R,0.0198,0.0297,0.0396,0.0495,0.0594,0.0693
14.1,R,0.0204,0.03,0.0408,0.05,0.0612,0.07
14.15,R,0.0204,0.03,0.0408,0.05,0.0612,0.07
14.2,R,0.0208,0.03,0.0416,0.05,0.0624,0.07
14.25,R,0.0194,0.0288,0.0388,0.048,0.0582,0.0672
14.3,R,0.0194,0.0312,0.0388,0.052,0.0582,0.0728
14.35,R,0.0192,0.0288,0.0384,0.048,0.0576,0.0672
14.4,R,0.0208,0.0297,0.0416,0.0495,0.0624,0.0693
14.45,R,0.0206,0.0303,0.0412,0.0505,0.0618,0.0707
14.5,R,0.0196,0.0285,0.0392,0.0475,0.0588,0.0665
14.55,R,0.0204,0.0312,0.0408,0.052,0.0612,0.0728
14.6,R,0.0202,0.0291,0.0404,0.0485,0.0606,0.0679
14.65,R,0.0208,0.0288,0.0416,0.048,0.0624,0.0672
14.7,R,0.019,0.0315,0.038,0.0525,0.057,0.0735
14.75,R,0.0194,0.0294,0.0388,0.049,0.0582,0.0686
14.8,R,0.0192,0.0297,0.0384,0.0495,0.0576,0.0693
14.85,N,0.021,0.03,0.042,0.05,0.063,0.07
14.9,N,0.0192,0.0312,0.0384,0.052,0.0576,0.0728
14.95,N,0.0194,0.0309,0.0388,0.0515,0.0582,0.0721
15,N,0.0198,0.0315,0.0396,0.0525,0.0594,0.0735
15.05,N,0.019,0.0303,0.038,0.0505,0.057,0.0707
15.1,N,0.0198,0.0303,0.0396,0.0505,0.0594,0.0707
15.15,N,0.0192,0.0294,0.0384,0.049,0.0576,0.0686
15.2,N,0.0208,0.0306,0.0416,0.051,0.0624,0.0714
15.25,N,0.021,0.03,0.042,0.05,0.063,0.07
15.3,N,0.0192,0.03,0.0384,0.05,0.0576,0.07
15.35,N,0.019,0.0288,0.038,0.048,0.057,0.0672
15.4,N,0.0192,0.0303,0.0384,0.0505,0.0576,0.0707
15.45,N,0.021,0.0288,0.042,0.048,0.063,0.0672
15.5,N,0.0204,0.03,0.0408,0.05,0.0612,0.07
15.55,N,0.019,0.0312,0.038,0.052,0.057,0.0728
15.6,N,0.0204,0.0285,0.0408,0.0475,0.0612,0.0665
15.65,N,0.0198,0.0306,0.0396,0.051,0.0594,0.0714
15.7,N,0.0192,0.0288,0.0384,0.048,0.0576,0.0672
15.75,N,0.02,0.0291,0.04,0.0485,0.06,0.0679
15.8,N,0.0192,0.0294,0.0384,0.049,0.0576,0.0686
15.85,N,0.019,0.03,0.038,0.05,0.057,0.07
15.9,N,0.0196,0.0309,0.0392,0.0515,0.0588,0.0721
15.95,N,0.019,0.0291,0.038,0.0485,0.057,0.0679
16,N,0.0194,0.0315,0.0388,0.0525,0.0582,0.0735
16.05,N,0.019,0.0288,0.038,0.048,0.057,0.0672
16.1,N,0.0194,0.0297,0.0388,0.0495,0.0582,0.0693
16.15,N,0.021,0.0306,0.042,0.051,0.063,0.0714
16.2,N,0.0202,0.0312,0.0404,0.052,0.0606,0.0728
16.25,N,0.0202,0.0297,0.0404,0.0495,0.0606,0.0693
16.3,N,0.021,0.0312,0.042,0.052,0.063,0.0728
16.35,N,0.0196,0.0297,0.0392,0.0495,0.0588,0.0693
16.4,N,0.02,0.03,0.04,0.05,0.06,0.07
16.45,N,0.0202,0.0303,0.0404,0.0505,0.0606,0.0707
16.5,N,0.0202,0.0291,0.0404,0.0485,0.0606,0.0679
16.55,N,0.021,0.0303,0.042,0.0505,0.063,0.0707
16.6,N,0.0194,0.0294,0.0388,0.049,0.0582,0.0686
16.65,N,0.02,0.0285,0.04,0.0475,0.06,0.0665
16.7,N,0.0198,0.0285,0.0396,0.0475,0.0594,0.0665
16.75,N,0.0206,0.0291,0.0412,0.0485,0.0618,0.0679
16.8,N,0.019,0.0312,0.038,0.052,0.057,0.0728
16.85,N,0.0206,0.0297,0.0412,0.0495,0.0618,0.0693
16.9,N,0.0208,0.0309,0.0416,0.0515,0.0624,0.0721
16.95,N,0.0192,0.0291,0.0384,0.0485,0.0576,0.0679
17,N,0.021,0.03,0.042,0.05,0.063,0.07
17.05,N,0.0192,0.0309,0.0384,0.0515,0.0576,0.0721
17.1,N,0.0196,0.0309,0.0392,0.0515,0.0588,0.0721
17.15,N,0.0196,0.0315,0.0392,0.0525,0.0588,0.0735
17.2,N,0.0198,0.0315,0.0396,0.0525,0.0594,0.0735
17.25,N,0.02,0.03,0.04,0.05,0.06,0.07
17.3,N,0.0196,0.03,0.0392,0.05,0.0588,0.07
17.35,N,0.0198,0.0303,0.0396,0.0505,0.0594,0.0707
17.4,N,0.0206,0.0312,0.0412,0.052,0.0618,0.0728
17.45,N,0.0194,0.0303,0.0388,0.0505,0.0582,0.0707
17.5,N,0.021,0.0297,0.042,0.0495,0.063,0.0693
17.55,N,0.019,0.0309,0.038,0.0515,0.057,0.0721
17.6,N,0.021,0.03,0.042,0.05,0.063,0.07
17.65,N,0.0202,0.0315,0.0404,0.0525,0.0606,0.0735
17.7,N,0.02,0.0291,0.04,0.0485,0.06,0.0679
17.75,N,0.02,0.0315,0.04,0.0525,0.06,0.0735
17.8,N,0.0208,0.0297,0.0416,0.0495,0.0624,0.0693
17.85,N,0.0196,0.0294,0.0392,0.049,0.0588,0.0686
17.9,N,0.0208,0.0315,0.0416,0.0525,0.0624,0.0735
17.95,N,0.0194,0.0306,0.0388,0.051,0.0582,0.0714
18,N,0.0192,0.0315,0.0384,0.0525,0.0576,0.0735
18.05,N,0.021,0.0306,0.042,0.051,0.063,0.0714
18.1,N,0.0198,0.0294,0.0396,0.049,0.0594,0.0686
18.15,N,0.0204,0.0306,0.0408,0.051,0.0612,0.0714
18.2,N,0.0194,0.0297,0.0388,0.0495,0.0582,0.0693
18.25,N,0.0196,0.0315,0.0392,0.0525,0.0588,0.0735
18.3,N,0.0194,0.0303,0.0388,0.0505,0.0582,0.0707
18.35,N,0.0208,0.0306,0.0416,0.051,0.0624,0.0714
18.4,N,0.0196,0.0306,0.0392,0.051,0.0588,0.0714
18.45,N,0.0196,0.03,0.0392,0.05,0.0588,0.07
18.5,N,0.0192,0.0312,0.0384,0.052,0.0576,0.0728
18.55,N,0.0194,0.0306,0.0388,0.051,0.0582,0.0714
18.6,N,0.021,0.0288,0.042,0.048,0.063,0.0672
18.65,N,0.0196,0.0291,0.0392,0.0485,0.0588,0.0679
18.7,N,0.0202,0.0288,0.0404,0.048,0.0606,0.0672
18.75,N,0.0208,0.0291,0.0416,0.0485,0.0624,0.0679
18.8,N,0.0198,0.0315,0.0396,0.0525,0.0594,0.0735
18.85,N,0.0194,0.0288,0.0388,0.048,0.0582,0.0672
18.9,N,0.0206,0.0294,0.0412,0.049,0.0618,0.0686
18.95,N,0.021,0.0297,0.042,0.0495,0.063,0.0693
19,N,0.0192,0.0297,0.0384,0.0495,0.0576,0.0693
19.05,N,0.0202,0.0303,0.0404,0.0505,0.0606,0.0707
19.1,N,0.02,0.0294,0.04,0.049,0.06,0.0686
19.15,N,0.021,0.0294,0.042,0.049,0.063,0.0686
19.2,N,0.0202,0.0309,0.0404,0.0515,0.0606,0.0721
19.25,N,0.0192,0.0315,0.0384,0.0525,0.0576,0.0735
19.3,N,0.019,0.0294,0.038,0.049,0.057,0.0686
19.35,N,0.0196,0.0309,0.0392,0.0515,0.0588,0.0721
19.4,N,0.0198,0.0306,0.0396,0.051,0.0594,0.0714
19.45,N,0.0196,0.03,0.0392,0.05,0.0588,0.07
19.5,N,0.0196,0.0285,0.0392,0.0475,0.0588,0.0665
19.55,N,0.02,0.0297,0.04,0.0495,0.06,0.0693
19.6,N,0.0198,0.0288,0.0396,0.048,0.0594,0.0672
19.65,N,0.0208,0.0303,0.0416,0.0505,0.0624,0.0707
19.7,N,0.0198,0.0288,0.0396,0.048,0.0594,0.0672
19.75,N,0.019,0.0315,0.038,0.0525,0.057,0.0735
19.8,N,0.019,0.0288,0.038,0.048,0.057,0.0672
19.85,N,0.0192,0.0309,0.0384,0.0515,0.0576,0.0721
19.9,N,0.0198,0.0288,0.0396,0.048,0.0594,0.0672
19.95,N,0.0206,0.0315,0.0412,0.0525,0.0618,0.0735
20,N,0.0196,0.0309,0.0392,0.0515,0.0588,0.0721
20.05,N,0.0196,0.0285,0.0392,0.0475,0.0588,0.0665
20.1,N,0.0198,0.0288,0.0396,0.048,0.0594,0.0672
20.15,N,0.0202,0.0294,0.0404,0.049,0.0606,0.0686
20.2,N,0.021,0.03,0.042,0.05,0.063,0.07
20.25,N,0.019,0.03,0.038,0.05,0.057,0.07
20.3,N,0.0198,0.0309,0.0396,0.0515,0.0594,0.0721
20.35,N,0.0202,0.0309,0.0404,0.0515,0.0606,0.0721
20.4,N,0.0202,0.0306,0.0404,0.051,0.0606,0.0714
20.45,N,0.0208,0.0306,0.0416,0.051,0.0624,0.0714
20.5,N,0.0206,0.0288,0.0412,0.048,0.0618,0.0672
20.55,N,0.021,0.0288,0.042,0.048,0.063,0.0672
20.6,N,0.0194,0.0294,0.0388,0.049,0.0582,0.0686
20.65,N,0.0196,0.03,0.0392,0.05,0.0588,0.07
20.7,N,0.0196,0.0288,0.0392,0.048,0.0588,0.0672
20.75,N,0.0202,0.0309,0.0404,0.0515,0.0606,0.0721
20.8,N,0.0206,0.0315,0.0412,0.0525,0.0618,0.0735
20.85,N,0.0202,0.0315,0.0404,0.0525,0.0606,0.0735
20.9,N,0.0208,0.0306,0.0416,0.051,0.0624,0.0714
20.95,N,0.019,0.0285,0.038,0.0475,0.057,0.0665
21,N,0.0208,0.0303,0.0416,0.0505,0.0624,0.0707
21.05,N,0.0192,0.0315,0.0384,0.0525,0.0576,0.0735
21.1,N,0.0204,0.0288,0.0408,0.048,0.0612,0.0672
21.15,N,0.0208,0.0303,0.0416,0.0505,0.0624,0.0707
21.2,N,0.0204,0.0306,0.0408,0.051,0.0612,0.0714
21.25,N,0.02,0.0312,0.04,0.052,0.06,0.0728
21.3,N,0.021,0.0291,0.042,0.0485,0.063,0.0679
21.35,N,0.02,0.0285,0.04,0.0475,0.06,0.0665
21.4,N,0.0206,0.0309,0.0412,0.0515,0.0618,0.0721
21.45,N,0.02,0.0306,0.04,0.051,0.06,0.0714
21.5,N,0.0192,0.03,0.0384,0.05,0.0576,0.07
21.55,N,0.0204,0.0294,0.0408,0.049,0.0612,0.0686
21.6,N,0.0202,0.0306,0.0404,0.051,0.0606,0.0714
21.65,N,0.019,0.03,0.038,0.05,0.057,0.07
21.7,N,0.0202,0.0303,0.0404,0.0505,0.0606,0.0707
21.75,N,0.019,0.0306,0.038,0.051,0.057,0.0714
21.8,N,0.0198,0.0294,0.0396,0.049,0.0594,0.0686
21.85,N,0.0202,0.0309,0.0404,0.0515,0.0606,0.0721
21.9,N,0.0208,0.0294,0.0416,0.049,0.0624,0.0686
21.95,N,0.0206,0.0288,0.0412,0.048,0.0618,0.0672
22,N,0.0208,0.0294,0.0416,0.049,0.0624,0.0686
22.05,N,0.021,0.0288,0.042,0.048,0.063,0.0672
22.1,N,0.0192,0.0306,0.0384,0.051,0.0576,0.0714
22.15,N,0.0204,0.0294,0.0408,0.049,0.0612,0.0686
22.2,N,0.0206,0.0297,0.0412,0.0495,0.0618,0.0693
22.25,N,0.0208,0.0312,0.0416,0.052,0.0624,0.0728
22.3,N,0.0204,0.0291,0.0408,0.0485,0.0612,0.0679
22.35,N,0.02,0.0315,0.04,0.0525,0.06,0.0735
22.4,N,0.0208,0.0288,0.0416,0.048,0.0624,0.0672
22.45,N,0.0194,0.0315,0.0388,0.0525,0.0582,0.0735
22.5,N,0.0198,0.0306,0.0396,0.051,0.0594,0.0714
22.55,N,0.0202,0.0306,0.0404,0.051,0.0606,0.0714
22.6,N,0.0208,0.0312,0.0416,0.052,0.0624,0.0728
22.65,N,0.0198,0.0315,0.0396,0.0525,0.0594,0.0735
22.7,N,0.0208,0.0315,0.0416,0.0525,0.0624,0.0735
22.75,N,0.021,0.03,0.042,0.05,0.063,0.07
22.8,N,0.0208,0.0312,0.0416,0.052,0.0624,0.0728
22.85,N,0.0208,0.0288,0.0416,0.048,0.0624,0.0672
22.9,N,0.02,0.0288,0.04,0.048,0.06,0.0672
22.95,N,0.0206,0.0291,0.0412,0.0485,0.0618,0.0679
23,N,0.0192,0.0297,0.0384,0.0495,0.0576,0.0693
23.05,N,0.0192,0.0309,0.0384,0.0515,0.0576,0.0721
23.1,N,0.019,0.0297,0.038,0.0495,0.057,0.0693
23.15,N,0.0202,0.0297,0.0404,0.0495,0.0606,0.0693
23.2,N,0.0206,0.0285,0.0412,0.0475,0.0618,0.0665
23.25,N,0.0206,0.0312,0.0412,0.052,0.0618,0.0728
23.3,N,0.0202,0.0291,0.0404,0.0485,0.0606,0.0679
23.35,N,0.0196,0.0312,0.0392,0.052,0.0588,0.0728
23.4,N,0.0192,0.0306,0.0384,0.051,0.0576,0.0714
23.45,N,0.0194,0.0303,0.0388,0.0505,0.0582,0.0707
23.5,N,0.0198,0.0297,0.0396,0.0495,0.0594,0.0693
23.55,N,0.0206,0.03,0.0412,0.05,0.0618,0.07
23.6,N,0.021,0.0294,0.042,0.049,0.063,0.0686
23.65,N,0.0194,0.03,0.0388,0.05,0.0582,0.07
23.7,N,0.021,0.0285,0.042,0.0475,0.063,0.0665
23.75,N,0.0206,0.0303,0.0412,0.0505,0.0618,0.0707
23.8,N,0.0194,0.0297,0.0388,0.0495,0.0582,0.0693
23.85,N,0.019,0.0297,0.038,0.0495,0.057,0.0693
23.9,N,0.0206,0.0285,0.0412,0.0475,0.0618,0.0665
23.95,N,0.02,0.0309,0.04,0.0515,0.06,0.0721
24,N,0.0198,0.0309,0.0396,0.0515,0.0594,0.0721
24.05,N,0.0206,0.03,0.0412,0.05,0.0618,0.07
24.1,N,0.0194,0.0285,0.0388,0.0475,0.0582,0.0665
24.15,N,0.0204,0.0303,0.0408,0.0505,0.0612,0.0707
24.2,N,0.0192,0.0309,0.0384,0.0515,0.0576,0.0721
24.25,N,0.0206,0.0288,0.0412,0.048,0.0618,0.0672
24.3,N,0.021,0.0309,0.042,0.0515,0.063,0.0721
24.35,N,0.019,0.0306,0.038,0.051,0.057,0.0714
24.4,N,0.0196,0.0306,0.0392,0.051,0.0588,0.0714
24.45,N,0.0204,0.03,0.0408,0.05,0.0612,0.07
24.5,N,0.0208,0.03,0.0416,0.05,0.0624,0.07
24.55,N,0.0194,0.0309,0.0388,0.0515,0.0582,0.0721
24.6,N,0.0196,0.0285,0.0392,0.0475,0.0588,0.0665
24.65,N,0.02,0.0312,0.04,0.052,0.06,0.0728
24.7,N,0.019,0.0294,0.038,0.049,0.057,0.0686
24.75,N,0.0204,0.0312,0.0408,0.052,0.0612,0.0728
24.8,N,0.0196,0.0309,0.0392,0.0515,0.0588,0.0721
24.85,N,0.0194,0.0288,0.0388,0.048,0.0582,0.0672
24.9,N,0.02,0.0315,0.04,0.0525,0.06,0.0735
24.95,N,0.021,0.0294,0.042,0.049,0.063,0.0686
25,N,0.021,0.0309,0.042,0.0515,0.063,0.0721
25.05,N,0.0202,0.03,0.0404,0.05,0.0606,0.07
25.1,N,0.0196,0.0285,0.0392,0.0475,0.0588,0.0665
25.15,N,0.0194,0.0309,0.0388,0.0515,0.0582,0.0721
25.2,N,0.0194,0.0285,0.0388,0.0475,0.0582,0.0665
25.25,N,0.0204,0.0285,0.0408,0.0475,0.0612,0.0665
25.3,N,0.019,0.0285,0.038,0.0475,0.057,0.0665
25.35,N,0.0196,0.0294,0.0392,0.049,0.0588,0.0686
25.4,N,0.0204,0.0312,0.0408,0.052,0.0612,0.0728
25.45,N,0.02,0.0306,0.04,0.051,0.06,0.0714
25.5,N,0.0194,0.0285,0.0388,0.0475,0.0582,0.0665
25.55,N,0.0192,0.0303,0.0384,0.0505,0.0576,0.0707
25.6,N,0.019,0.03,0.038,0.05,0.057,0.07
25.65,N,0.02,0.03,0.04,0.05,0.06,0.07
25.7,N,0.0204,0.0306,0.0408,0.051,0.0612,0.0714
25.75,N,0.0192,0.0285,0.0384,0.0475,0.0576,0.0665
25.8,N,0.0198,0.0291,0.0396,0.0485,0.0594,0.0679
25.85,D,0.0208,0.0291,0.0416,0.0485,0.0624,0.0679
25.9,D,0.0194,0.0315,0.0388,0.0525,0.0582,0.0735
25.95,D,0.02,0.0312,0.04,0.052,0.06,0.0728
26,D,0.02,0.0306,0.04,0.051,0.06,0.0714
26.05,D,0.0206,0.0303,0.0412,0.0505,0.0618,0.0707
26.1,D,0.0196,0.0303,0.0392,0.0505,0.0588,0.0707
26.15,D,0.02,0.0297,0.04,0.0495,0.06,0.0693
26.2,D,0.0204,0.0294,0.0408,0.049,0.0612,0.0686
26.25,D,0.0194,0.0312,0.0388,0.052,0.0582,0.0728
26.3,D,0.0206,0.0297,0.0412,0.0495,0.0618,0.0693
26.35,D,0.0206,0.0303,0.0412,0.0505,0.0618,0.0707
26.4,D,0.019,0.0315,0.038,0.0525,0.057,0.0735
26.45,D,0.02,0.0291,0.04,0.0485,0.06,0.0679
26.5,D,0.0208,0.0285,0.0416,0.0475,0.0624,0.0665
26.55,D,0.02,0.0297,0.04,0.0495,0.06,0.0693
26.6,D,0.0208,0.0288,0.0416,0.048,0.0624,0.0672
26.65,D,0.021,0.0303,0.042,0.0505,0.063,0.0707
26.7,D,0.0198,0.0315,0.0396,0.0525,0.0594,0.0735
26.75,D,0.0204,0.0303,0.0408,0.0505,0.0612,0.0707
26.8,D,0.021,0.03,0.042,0.05,0.063,0.07
26.85,D,0.0194,0.0294,0.0388,0.049,0.0582,0.0686
26.9,D,0.0198,0.0312,0.0396,0.052,0.0594,0.0728
26.95,D,0.019,0.0285,0.038,0.0475,0.057,0.0665
27,D,0.0192,0.03,0.0384,0.05,0.0576,0.07
27.05,D,0.019,0.0297,0.038,0.0495,0.057,0.0693
27.1,D,0.0192,0.0312,0.0384,0.052,0.0576,0.0728
27.15,D,0.0192,0.0294,0.0384,0.049,0.0576,0.0686
27.2,D,0.0204,0.03,0.0408,0.05,0.0612,0.07
27.25,D,0.0202,0.0297,0.0404,0.0495,0.0606,0.0693
27.3,D,0.0208,0.0294,0.0416,0.049,0.0624,0.0686
27.35,D,0.021,0.0315,0.042,0.0525,0.063,0.0735
27.4,D,0.0202,0.0315,0.0404,0.0525,0.0606,0.0735
27.45,D,0.0192,0.0303,0.0384,0.0505,0.0576,0.0707
27.5,D,0.02,0.0312,0.04,0.052,0.06,0.0728
27.55,D,0.0208,0.0291,0.0416,0.0485,0.0624,0.0679
27.6,D,0.02,0.0312,0.04,0.052,0.06,0.0728
27.65,D,0.02,0.0306,0.04,0.051,0.06,0.0714
27.7,D,0.0204,0.0285,0.0408,0.0475,0.0612,0.0665
27.75,D,0.0202,0.0303,0.0404,0.0505,0.0606,0.0707
27.8,D,0.0208,0.0306,0.0416,0.051,0.0624,0.0714
27.85,D,0.0208,0.0312,0.0416,0.052,0.0624,0.0728
27.9,D,0.0204,0.0294,0.0408,0.049,0.0612,0.0686
27.95,D,0.0194,0.0294,0.0388,0.049,0.0582,0.0686
28,D,0.0202,0.0306,0.0404,0.051,0.0606,0.0714
28.05,D,0.0194,0.0315,0.0388,0.0525,0.0582,0.0735
28.1,D,0.0204,0.0285,0.0408,0.0475,0.0612,0.0665
28.15,D,0.0202,0.0309,0.0404,0.0515,0.0606,0.0721
28.2,D,0.0206,0.03,0.0412,0.05,0.0618,0.07
28.25,D,0.0194,0.0294,0.0388,0.049,0.0582,0.0686
28.3,D,0.0194,0.0303,0.0388,0.0505,0.0582,0.0707
28.35,D,0.0192,0.03,0.0384,0.05,0.0576,0.07
28.4,D,0.0194,0.0309,0.0388,0.0515,0.0582,0.0721
28.45,D,0.0192,0.0306,0.0384,0.051,0.0576,0.0714
28.5,D,0.0202,0.03,0.0404,0.05,0.0606,0.07
28.55,D,0.0192,0.0306,0.0384,0.051,0.0576,0.0714
28.6,D,0.019,0.0288,0.038,0.048,0.057,0.0672
28.65,D,0.021,0.0303,0.042,0.0505,0.063,0.0707
28.7,D,0.0202,0.0315,0.0404,0.0525,0.0606,0.0735
28.75,D,0.0194,0.0309,0.0388,0.0515,0.0582,0.0721
28.8,D,0.02,0.0303,0.04,0.0505,0.06,0.0707
28.85,D,0.019,0.0297,0.038,0.0495,0.057,0.0693
28.9,D,0.0202,0.03,0.0404,0.05,0.0606,0.07
28.95,D,0.019,0.0315,0.038,0.0525,0.057,0.0735
29,D,0.019,0.0294,0.038,0.049,0.057,0.0686
29.05,D,0.0206,0.0291,0.0412,0.0485,0.0618,0.0679
29.1,D,0.0208,0.0306,0.0416,0.051,0.0624,0.0714
29.15,D,0.0208,0.0303,0.0416,0.0505,0.0624,0.0707
29.2,D,0.0192,0.0306,0.0384,0.051,0.0576,0.0714
29.25,P,0.0194,0.0309,0.0388,0.0515,0.0582,0.0721
29.3,P,0.0192,0.0288,0.0384,0.048,0.0576,0.0672
29.35,P,0.0194,0.0303,0.0388,0.0505,0.0582,0.0707
29.4,P,0.02,0.0291,0.04,0.0485,0.06,0.0679
29.45,P,0.019,0.0297,0.038,0.0495,0.057,0.0693
29.5,P,0.0206,0.0297,0.0412,0.0495,0.0618,0.0693
29.55,P,0.0192,0.0285,0.0384,0.0475,0.0576,0.0665
29.6,P,0.0208,0.0315,0.0416,0.0525,0.0624,0.0735
29.65,P,0.0206,0.0306,0.0412,0.051,0.0618,0.0714
29.7,P,0.021,0.0285,0.042,0.0475,0.063,0.0665
29.75,P,0.0198,0.0312,0.0396,0.052,0.0594,0.0728
29.8,P,0.0196,0.0297,0.0392,0.0495,0.0588,0.0693
29.85,P,0.0196,0.0297,0.0392,0.0495,0.0588,0.0693
29.9,P,0.02,0.0294,0.04,0.049,0.06,0.0686
29.95,P,0.019,0.0297,0.038,0.0495,0.057,0.0693
30,P,0.0192,0.0312,0.0384,0.052,0.0576,0.0728
30.05,P,0.0208,0.0297,0.0416,0.0495,0.0624,0.0693
30.1,P,0.0204,0.0303,0.0408,0.0505,0.0612,0.0707
30.15,P,0.02,0.0312,0.04,0.052,0.06,0.0728
30.2,P,0.021,0.0306,0.042,0.051,0.063,0.0714
30.25,P,0.0196,0.0285,0.0392,0.0475,0.0588,0.0665
30.3,P,0.02,0.0309,0.04,0.0515,0.06,0.0721
30.35,P,0.0204,0.0309,0.0408,0.0515,0.0612,0.0721
30.4,P,0.0208,0.0303,0.0416,0.0505,0.0624,0.0707
30.45,P,0.0192,0.0303,0.0384,0.0505,0.0576,0.0707
30.5,P,0.019,0.0291,0.038,0.0485,0.057,0.0679
30.55,P,0.0202,0.0315,0.0404,0.0525,0.0606,0.0735
30.6,P,0.0196,0.0312,0.0392,0.052,0.0588,0.0728
30.65,P,0.021,0.03,0.042,0.05,0.063,0.07
30.7,P,0.02,0.0312,0.04,0.052,0.06,0.0728
30.75,P,0.0208,0.0306,0.0416,0.051,0.0624,0.0714
30.8,P,0.0194,0.0303,0.0388,0.0505,0.0582,0.0707
30.85,P,0.019,0.0297,0.038,0.0495,0.057,0.0693
30.9,R,0.0194,0.0315,0.0388,0.0525,0.0582,0.0735
30.95,R,0.021,0.0291,0.042,0.0485,0.063,0.0679
31,R,0.0196,0.0306,0.0392,0.051,0.0588,0.0714
31.05,R,0.021,0.0291,0.042,0.0485,0.063,0.0679
31.1,R,0.0208,0.0315,0.0416,0.0525,0.0624,0.0735
31.15,R,0.0198,0.0297,0.0396,0.0495,0.0594,0.0693
31.2,R,0.0196,0.0306,0.0392,0.051,0.0588,0.0714
31.25,R,0.019,0.0285,0.038,0.0475,0.057,0.0665
31.3,R,0.021,0.0306,0.042,0.051,0.063,0.0714
31.35,R,0.019,0.0315,0.038,0.0525,0.057,0.0735
31.4,R,0.019,0.0303,0.038,0.0505,0.057,0.0707
31.45,R,0.0196,0.0291,0.0392,0.0485,0.0588,0.0679
31.5,R,0.021,0.0288,0.042,0.048,0.063,0.0672
31.55,R,0.0196,0.03,0.0392,0.05,0.0588,0.07
31.6,R,0.0194,0.0315,0.0388,0.0525,0.0582,0.0735
31.65,R,0.0208,0.0309,0.0416,0.0515,0.0624,0.0721
31.7,R,0.0204,0.0309,0.0408,0.0515,0.0612,0.0721
31.75,R,0.0202,0.03,0.0404,0.05,0.0606,0.07
31.8,R,0.0202,0.0291,0.0404,0.0485,0.0606,0.0679
31.85,R,0.0196,0.03,0.0392,0.05,0.0588,0.07
31.9,R,0.0208,0.0297,0.0416,0.0495,0.0624,0.0693
31.95,R,0.021,0.0309,0.042,0.0515,0.063,0.0721
32,R,0.0204,0.0306,0.0408,0.051,0.0612,0.0714
32.05,R,0.0204,0.0288,0.0408,0.048,0.0612,0.0672
32.1,R,0.0194,0.0309,0.0388,0.0515,0.0582,0.0721
32.15,R,0.0196,0.0285,0.0392,0.0475,0.0588,0.0665
32.2,R,0.0194,0.0297,0.0388,0.0495,0.0582,0.0693
32.25,R,0.0196,0.0285,0.0392,0.0475,0.0588,0.0665
32.3,R,0.0208,0.0297,0.0416,0.0495,0.0624,0.0693
32.35,R,0.0194,0.0303,0.0388,0.0505,0.0582,0.0707
32.4,R,0.0196,0.0315,0.0392,0.0525,0.0588,0.0735
32.45,R,0.0196,0.0303,0.0392,0.0505,0.0588,0.0707
32.5,R,0.0202,0.0315,0.0404,0.0525,0.0606,0.0735
32.55,R,0.0202,0.0315,0.0404,0.0525,0.0606,0.0735
32.6,R,0.019,0.0303,0.038,0.0505,0.057,0.0707
32.65,R,0.0208,0.0291,0.0416,0.0485,0.0624,0.0679
32.7,R,0.019,0.0288,0.038,0.048,0.057,0.0672
32.75,R,0.0206,0.0312,0.0412,0.052,0.0618,0.0728
32.8,R,0.0204,0.0285,0.0408,0.0475,0.0612,0.0665
32.85,R,0.0198,0.0294,0.0396,0.049,0.0594,0.0686
32.9,R,0.0204,0.0285,0.0408,0.0475,0.0612,0.0665
32.95,R,0.0208,0.0285,0.0416,0.0475,0.0624,0.0665
33,R,0.0196,0.0309,0.0392,0.0515,0.0588,0.0721
33.05,R,0.0208,0.0285,0.0416,0.0475,0.0624,0.0665
33.1,R,0.0196,0.0309,0.0392,0.0515,0.0588,0.0721
33.15,R,0.0192,0.0306,0.0384,0.051,0.0576,0.0714
33.2,R,0.0194,0.0291,0.0388,0.0485,0.0582,0.0679
33.25,R,0.02,0.0294,0.04,0.049,0.06,0.0686
33.3,R,0.0198,0.0294,0.0396,0.049,0.0594,0.0686
33.35,R,0.0202,0.0294,0.0404,0.049,0.0606,0.0686
33.4,R,0.0198,0.0303,0.0396,0.0505,0.0594,0.0707
33.45,R,0.0198,0.03,0.0396,0.05,0.0594,0.07
33.5,R,0.021,0.0297,0.042,0.0495,0.063,0.0693
33.55,R,0.019,0.0315,0.038,0.0525,0.057,0.0735
33.6,R,0.0196,0.0285,0.0392,0.0475,0.0588,0.0665
33.65,R,0.0194,0.0309,0.0388,0.0515,0.0582,0.0721
33.7,R,0.0204,0.0285,0.0408,0.0475,0.0612,0.0665
33.75,R,0.0206,0.0291,0.0412,0.0485,0.0618,0.0679
33.8,R,0.02,0.0297,0.04,0.0495,0.06,0.0693
33.85,R,0.0194,0.0294,0.0388,0.049,0.0582,0.0686
33.9,R,0.0204,0.0315,0.0408,0.0525,0.0612,0.0735
33.95,R,0.0202,0.0288,0.0404,0.048,0.0606,0.0672
34,R,0.0204,0.0288,0.0408,0.048,0.0612,0.0672
34.05,R,0.0198,0.0315,0.0396,0.0525,0.0594,0.0735
34.1,R,0.021,0.0297,0.042,0.0495,0.063,0.0693
34.15,R,0.0192,0.0315,0.0384,0.0525,0.0576,0.0735
34.2,R,0.0196,0.0294,0.0392,0.049,0.0588,0.0686
34.25,R,0.0196,0.0285,0.0392,0.0475,0.0588,0.0665
34.3,R,0.0196,0.0288,0.0392,0.048,0.0588,0.0672
34.35,R,0.0208,0.0303,0.0416,0.0505,0.0624,0.0707
34.4,R,0.0206,0.0285,0.0412,0.0475,0.0618,0.0665
34.45,R,0.0202,0.0315,0.0404,0.0525,0.0606,0.0735
34.5,R,0.0208,0.0312,0.0416,0.052,0.0624,0.0728
34.55,R,0.0208,0.0297,0.0416,0.0495,0.0624,0.0693
34.6,R,0.0202,0.0312,0.0404,0.052,0.0606,0.0728
34.65,R,0.02,0.0288,0.04,0.048,0.06,0.0672
34.7,R,0.0198,0.0297,0.0396,0.0495,0.0594,0.0693
34.75,R,0.0202,0.0285,0.0404,0.0475,0.0606,0.0665
34.8,R,0.019,0.0315,0.038,0.0525,0.057,0.0735
34.85,R,0.0204,0.0294,0.0408,0.049,0.0612,0.0686
34.9,R,0.0204,0.0315,0.0408,0.0525,0.0612,0.0735
34.95,R,0.0202,0.0315,0.0404,0.0525,0.0606,0.0735
35,R,0.0208,0.0315,0.0416,0.0525,0.0624,0.0735
35.05,R,0.0208,0.0312,0.0416,0.052,0.0624,0.0728
35.1,R,0.021,0.0288,0.042,0.048,0.063,0.0672
35.15,R,0.0208,0.0312,0.0416,0.052,0.0624,0.0728
35.2,R,0.019,0.0297,0.038,0.0495,0.057,0.0693
35.25,R,0.019,0.0288,0.038,0.048,0.057,0.0672
35.3,R,0.019,0.0297,0.038,0.0495,0.057,0.0693
35.35,R,0.0194,0.0297,0.0388,0.0495,0.0582,0.0693
35.4,R,0.0198,0.0312,0.0396,0.052,0.0594,0.0728
35.45,R,0.0196,0.0306,0.0392,0.051,0.0588,0.0714
35.5,R,0.019,0.0312,0.038,0.052,0.057,0.0728
35.55,R,0.0198,0.0294,0.0396,0.049,0.0594,0.0686
35.6,R,0.02,0.0294,0.04,0.049,0.06,0.0686
35.65,R,0.0208,0.0306,0.0416,0.051,0.0624,0.0714
35.7,R,0.0196,0.0306,0.0392,0.051,0.0588,0.0714
35.75,R,0.0202,0.0312,0.0404,0.052,0.0606,0.0728
35.8,R,0.0198,0.0303,0.0396,0.0505,0.0594,0.0707
35.85,R,0.0202,0.0309,0.0404,0.0515,0.0606,0.0721
35.9,R,0.019,0.0306,0.038,0.051,0.057,0.0714
35.95,R,0.0192,0.0312,0.0384,0.052,0.0576,0.0728
36,R,0.0194,0.0312,0.0388,0.052,0.0582,0.0728
36.05,R,0.019,0.0285,0.038,0.0475,0.057,0.0665
36.1,R,0.0202,0.0294,0.0404,0.049,0.0606,0.0686
36.15,R,0.021,0.0291,0.042,0.0485,0.063,0.0679
36.2,R,0.0198,0.0285,0.0396,0.0475,0.0594,0.0665
36.25,R,0.0194,0.0312,0.0388,0.052,0.0582,0.0728
36.3,R,0.02,0.0291,0.04,0.0485,0.06,0.0679
36.35,R,0.0196,0.0303,0.0392,0.0505,0.0588,0.0707
36.4,R,0.0208,0.0294,0.0416,0.049,0.0624,0.0686
36.45,N,0.0196,0.0315,0.0392,0.0525,0.0588,0.0735
36.5,N,0.0202,0.0291,0.0404,0.0485,0.0606,0.0679
36.55,N,0.021,0.0303,0.042,0.0505,0.063,0.0707
36.6,N,0.0208,0.0285,0.0416,0.0475,0.0624,0.0665
36.65,N,0.0192,0.0288,0.0384,0.048,0.0576,0.0672
36.7,N,0.0204,0.0306,0.0408,0.051,0.0612,0.0714
36.75,N,0.019,0.03,0.038,0.05,0.057,0.07
36.8,N,0.0194,0.0309,0.0388,0.0515,0.0582,0.0721
36.85,N,0.019,0.0291,0.038,0.0485,0.057,0.0679
36.9,N,0.0196,0.0303,0.0392,0.0505,0.0588,0.0707
36.95,N,0.0198,0.0291,0.0396,0.0485,0.0594,0.0679
37,N,0.019,0.03,0.038,0.05,0.057,0.07
37.05,N,0.0206,0.0294,0.0412,0.049,0.0618,0.0686
37.1,N,0.0208,0.0309,0.0416,0.0515,0.0624,0.0721
37.15,N,0.0208,0.0315,0.0416,0.0525,0.0624,0.0735
37.2,N,0.0196,0.0315,0.0392,0.0525,0.0588,0.0735
37.25,N,0.0196,0.0297,0.0392,0.0495,0.0588,0.0693
37.3,N,0.0194,0.0285,0.0388,0.0475,0.0582,0.0665
37.35,N,0.0202,0.0288,0.0404,0.048,0.0606,0.0672
37.4,N,0.0194,0.0288,0.0388,0.048,0.0582,0.0672
37.45,N,0.0196,0.0288,0.0392,0.048,0.0588,0.0672
37.5,N,0.0208,0.0303,0.0416,0.0505,0.0624,0.0707
37.55,N,0.021,0.0288,0.042,0.048,0.063,0.0672
37.6,N,0.019,0.0312,0.038,0.052,0.057,0.0728
37.65,N,0.0196,0.0312,0.0392,0.052,0.0588,0.0728
37.7,N,0.02,0.0312,0.04,0.052,0.06,0.0728
37.75,N,0.0196,0.0306,0.0392,0.051,0.0588,0.0714
37.8,N,0.0208,0.0303,0.0416,0.0505,0.0624,0.0707
37.85,N,0.0202,0.0297,0.0404,0.0495,0.0606,0.0693
37.9,N,0.0206,0.0291,0.0412,0.0485,0.0618,0.0679
37.95,N,0.0204,0.0303,0.0408,0.0505,0.0612,0.0707
38,N,0.0204,0.0294,0.0408,0.049,0.0612,0.0686
38.05,N,0.0202,0.0294,0.0404,0.049,0.0606,0.0686
38.1,N,0.0208,0.0288,0.0416,0.048,0.0624,0.0672
38.15,N,0.0204,0.0309,0.0408,0.0515,0.0612,0.0721
38.2,N,0.019,0.0306,0.038,0.051,0.057,0.0714
38.25,N,0.0204,0.0309,0.0408,0.0515,0.0612,0.0721
38.3,N,0.021,0.0291,0.042,0.0485,0.063,0.0679
38.35,N,0.0202,0.0306,0.0404,0.051,0.0606,0.0714
38.4,N,0.019,0.0315,0.038,0.0525,0.057,0.0735
38.45,N,0.0202,0.0285,0.0404,0.0475,0.0606,0.0665
38.5,N,0.021,0.0294,0.042,0.049,0.063,0.0686
38.55,N,0.0194,0.03,0.0388,0.05,0.0582,0.07
38.6,N,0.02,0.0309,0.04,0.0515,0.06,0.0721
38.65,N,0.0198,0.0303,0.0396,0.0505,0.0594,0.0707
38.7,N,0.02,0.03,0.04,0.05,0.06,0.07
38.75,N,0.0198,0.0303,0.0396,0.0505,0.0594,0.0707
38.8,N,0.021,0.0297,0.042,0.0495,0.063,0.0693
38.85,N,0.019,0.0315,0.038,0.0525,0.057,0.0735
38.9,N,0.0194,0.0297,0.0388,0.0495,0.0582,0.0693
38.95,N,0.021,0.0309,0.042,0.0515,0.063,0.0721
39,N,0.019,0.0288,0.038,0.048,0.057,0.0672
39.05,N,0.02,0.03,0.04,0.05,0.06,0.07
39.1,N,0.02,0.0312,0.04,0.052,0.06,0.0728
39.15,N,0.0206,0.0291,0.0412,0.0485,0.0618,0.0679
39.2,N,0.019,0.0297,0.038,0.0495,0.057,0.0693
39.25,N,0.0194,0.0315,0.0388,0.0525,0.0582,0.0735
39.3,N,0.0202,0.0303,0.0404,0.0505,0.0606,0.0707
39.35,N,0.0198,0.0312,0.0396,0.052,0.0594,0.0728
39.4,N,0.0196,0.0291,0.0392,0.0485,0.0588,0.0679
39.45,N,0.0202,0.0303,0.0404,0.0505,0.0606,0.0707
39.5,N,0.0206,0.0309,0.0412,0.0515,0.0618,0.0721
39.55,N,0.0194,0.0306,0.0388,0.051,0.0582,0.0714
39.6,N,0.0194,0.0306,0.0388,0.051,0.0582,0.0714
39.65,N,0.0198,0.0312,0.0396,0.052,0.0594,0.0728
39.7,N,0.0208,0.0285,0.0416,0.0475,0.0624,0.0665
39.75,N,0.019,0.0312,0.038,0.052,0.057,0.0728
39.8,N,0.019,0.0291,0.038,0.0485,0.057,0.0679
39.85,N,0.0208,0.0297,0.0416,0.0495,0.0624,0.0693
39.9,N,0.0194,0.0306,0.0388,0.051,0.0582,0.0714
39.95,N,0.0196,0.0285,0.0392,0.0475,0.0588,0.0665
40,N,0.0196,0.0312,0.0392,0.052,0.0588,0.0728
40.05,N,0.019,0.03,0.038,0.05,0.057,0.07
40.1,N,0.0194,0.0309,0.0388,0.0515,0.0582,0.0721
40.15,N,0.019,0.03,0.038,0.05,0.057,0.07
40.2,N,0.0196,0.0312,0.0392,0.052,0.0588,0.0728
40.25,N,0.0204,0.03,0.0408,0.05,0.0612,0.07
40.3,N,0.0192,0.0309,0.0384,0.0515,0.0576,0.0721
40.35,N,0.0206,0.0315,0.0412,0.0525,0.0618,0.0735
40.4,N,0.0192,0.0291,0.0384,0.0485,0.0576,0.0679
40.45,N,0.0198,0.0315,0.0396,0.0525,0.0594,0.0735
40.5,N,0.02,0.03,0.04,0.05,0.06,0.07
40.55,N,0.0206,0.0303,0.0412,0.0505,0.0618,0.0707
40.6,N,0.019,0.0288,0.038,0.048,0.057,0.0672
40.65,N,0.021,0.03,0.042,0.05,0.063,0.07
40.7,N,0.019,0.0297,0.038,0.0495,0.057,0.0693
40.75,N,0.02,0.0303,0.04,0.0505,0.06,0.0707
40.8,N,0.021,0.0297,0.042,0.0495,0.063,0.0693
40.85,N,0.0208,0.0297,0.0416,0.0495,0.0624,0.0693
40.9,N,0.0194,0.0285,0.0388,0.0475,0.0582,0.0665
40.95,N,0.0202,0.0291,0.0404,0.0485,0.0606,0.0679
41,N,0.02,0.0297,0.04,0.0495,0.06,0.0693
41.05,N,0.019,0.0297,0.038,0.0495,0.057,0.0693
41.1,N,0.0196,0.0288,0.0392,0.048,0.0588,0.0672
41.15,N,0.0198,0.0303,0.0396,0.0505,0.0594,0.0707
41.2,N,0.0198,0.0294,0.0396,0.049,0.0594,0.0686
41.25,N,0.02,0.03,0.04,0.05,0.06,0.07
41.3,N,0.0206,0.0312,0.0412,0.052,0.0618,0.0728
41.35,N,0.0192,0.0315,0.0384,0.0525,0.0576,0.0735
41.4,N,0.02,0.0303,0.04,0.0505,0.06,0.0707
41.45,N,0.0208,0.0303,0.0416,0.0505,0.0624,0.0707
41.5,N,0.0206,0.0288,0.0412,0.048,0.0618,0.0672
41.55,N,0.019,0.0297,0.038,0.0495,0.057,0.0693
41.6,N,0.021,0.0312,0.042,0.052,0.063,0.0728
41.65,N,0.02,0.0309,0.04,0.0515,0.06,0.0721
41.7,N,0.0202,0.0291,0.0404,0.0485,0.0606,0.0679
41.75,N,0.0198,0.0291,0.0396,0.0485,0.0594,0.0679
41.8,N,0.0198,0.0294,0.0396,0.049,0.0594,0.0686
41.85,N,0.0208,0.0297,0.0416,0.0495,0.0624,0.0693
41.9,N,0.0198,0.0291,0.0396,0.0485,0.0594,0.0679
41.95,N,0.0198,0.0297,0.0396,0.0495,0.0594,0.0693
42,N,0.0206,0.03,0.0412,0.05,0.0618,0.07
42.05,N,0.0206,0.0291,0.0412,0.0485,0.0618,0.0679
42.1,X,0.0196,0.0291,0.0392,0.0485,0.0588,0.0679
42.15,X,0.0208,0.0315,0.0416,0.0525,0.0624,0.0735
42.2,X,0.0196,0.0306,0.0392,0.051,0.0588,0.0714
42.25,X,0.0204,0.0297,0.0408,0.0495,0.0612,0.0693
42.3,X,0.0208,0.0291,0.0416,0.0485,0.0624,0.0679
42.35,XX,0.0208,0.0288,0.0416,0.048,0.0624,0.0672
42.4,X,0.019,0.0288,0.038,0.048,0.057,0.0672
42.45,X,0.0196,0.0294,0.0392,0.049,0.0588,0.0686
42.5,X,0.0206,0.0315,0.0412,0.0525,0.0618,0.0735
42.55,X,0.02,0.0309,0.04,0.0515,0.06,0.0721
42.6,N,0.02,0.0312,0.04,0.052,0.06,0.0728
42.65,N,0.0196,0.0285,0.0392,0.0475,0.0588,0.0665
42.7,N,0.0208,0.0309,0.0416,0.0515,0.0624,0.0721
42.75,N,0.0202,0.0297,0.0404,0.0495,0.0606,0.0693
42.8,N,0.0196,0.0294,0.0392,0.049,0.0588,0.0686
42.85,N,0.0204,0.0288,0.0408,0.048,0.0612,0.0672
42.9,N,0.0202,0.0297,0.0404,0.0495,0.0606,0.0693
42.95,N,0.0204,0.03,0.0408,0.05,0.0612,0.07
43,N,0.0208,0.0288,0.0416,0.048,0.0624,0.0672
43.05,N,0.0204,0.0303,0.0408,0.0505,0.0612,0.0707
43.1,N,0.02,0.0303,0.04,0.0505,0.06,0.0707
43.15,N,0.0204,0.0288,0.0408,0.048,0.0612,0.0672
43.2,N,0.021,0.0294,0.042,0.049,0.063,0.0686
43.25,N,0.0192,0.0315,0.0384,0.0525,0.0576,0.0735
43.3,N,0.0206,0.0294,0.0412,0.049,0.0618,0.0686
43.35,N,0.0198,0.0312,0.0396,0.052,0.0594,0.0728
43.4,N,0.0206,0.0285,0.0412,0.0475,0.0618,0.0665
43.45,N,0.0194,0.0315,0.0388,0.0525,0.0582,0.0735
43.5,N,0.0198,0.03,0.0396,0.05,0.0594,0.07
43.55,N,0.0206,0.0306,0.0412,0.051,0.0618,0.0714
43.6,N,0.0208,0.0285,0.0416,0.0475,0.0624,0.0665
43.65,N,0.0194,0.0297,0.0388,0.0495,0.0582,0.0693
43.7,N,0.0202,0.0291,0.0404,0.0485,0.0606,0.0679
43.75,N,0.021,0.0297,0.042,0.0495,0.063,0.0693
43.8,N,0.0206,0.0312,0.0412,0.052,0.0618,0.0728
43.85,N,0.0202,0.0312,0.0404,0.052,0.0606,0.0728
43.9,N,0.0208,0.0312,0.0416,0.052,0.0624,0.0728
43.95,N,0.0194,0.0297,0.0388,0.0495,0.0582,0.0693
44,N,0.0194,0.0288,0.0388,0.048,0.0582,0.0672
44.05,N,0.019,0.0285,0.038,0.0475,0.057,0.0665
44.1,N,0.0198,0.0306,0.0396,0.051,0.0594,0.0714
44.15,N,0.0198,0.0294,0.0396,0.049,0.0594,0.0686
44.2,N,0.021,0.0312,0.042,0.052,0.063,0.0728
44.25,N,0.0196,0.0303,0.0392,0.0505,0.0588,0.0707
44.3,N,0.0202,0.0315,0.0404,0.0525,0.0606,0.0735
44.35,N,0.0196,0.0303,0.0392,0.0505,0.0588,0.0707
44.4,N,0.02,0.0297,0.04,0.0495,0.06,0.0693
44.45,N,0.02,0.0312,0.04,0.052,0.06,0.0728
44.5,N,0.0208,0.0309,0.0416,0.0515,0.0624,0.0721
44.55,N,0.0196,0.0309,0.0392,0.0515,0.0588,0.0721
44.6,N,0.0208,0.0291,0.0416,0.0485,0.0624,0.0679
44.65,N,0.0204,0.0291,0.0408,0.0485,0.0612,0.0679
44.7,N,0.0202,0.0288,0.0404,0.048,0.0606,0.0672
44.75,N,0.0196,0.0309,0.0392,0.0515,0.0588,0.0721
44.8,N,0.0196,0.0297,0.0392,0.0495,0.0588,0.0693
44.85,N,0.0194,0.0288,0.0388,0.048,0.0582,0.0672
44.9,N,0.0208,0.0294,0.0416,0.049,0.0624,0.0686
44.95,N,0.0192,0.0306,0.0384,0.051,0.0576,0.0714
45,N,0.0208,0.03,0.0416,0.05,0.0624,0.07
45.05,N,0.0194,0.0309,0.0388,0.0515,0.0582,0.0721
45.1,N,0.0204,0.0306,0.0408,0.051,0.0612,0.0714
45.15,N,0.0198,0.0288,0.0396,0.048,0.0594,0.0672
45.2,N,0.0208,0.0297,0.0416,0.0495,0.0624,0.0693
45.25,N,0.0192,0.0312,0.0384,0.052,0.0576,0.0728
45.3,N,0.02,0.0291,0.04,0.0485,0.06,0.0679
45.35,N,0.0202,0.0315,0.0404,0.0525,0.0606,0.0735
45.4,N,0.021,0.03,0.042,0.05,0.063,0.07
45.45,N,0.0194,0.0309,0.0388,0.0515,0.0582,0.0721
45.5,N,0.0208,0.0312,0.0416,0.052,0.0624,0.0728
45.55,N,0.0204,0.0294,0.0408,0.049,0.0612,0.0686
45.6,N,0.0204,0.0306,0.0408,0.051,0.0612,0.0714
45.65,N,0.0208,0.0291,0.0416,0.0485,0.0624,0.0679
45.7,N,0.021,0.0294,0.042,0.049,0.063,0.0686
45.75,N,0.0204,0.0315,0.0408,0.0525,0.0612,0.0735
45.8,N,0.0206,0.0306,0.0412,0.051,0.0618,0.0714
45.85,N,0.0198,0.0288,0.0396,0.048,0.0594,0.0672
45.9,N,0.0192,0.0312,0.0384,0.052,0.0576,0.0728
45.95,N,0.0192,0.0303,0.0384,0.0505,0.0576,0.0707
46,N,0.0192,0.0297,0.0384,0.0495,0.0576,0.0693
46.05,N,0.0192,0.0315,0.0384,0.0525,0.0576,0.0735
46.1,N,0.019,0.0309,0.038,0.0515,0.057,0.0721
46.15,N,0.0208,0.0288,0.0416,0.048,0.0624,0.0672
46.2,N,0.0208,0.0309,0.0416,0.0515,0.0624,0.0721
46.25,N,0.021,0.0312,0.042,0.052,0.063,0.0728
46.3,N,0.021,0.0303,0.042,0.0505,0.063,0.0707
46.35,N,0.02,0.0309,0.04,0.0515,0.06,0.0721
46.4,N,0.0208,0.0288,0.0416,0.048,0.0624,0.0672
46.45,N,0.0196,0.0303,0.0392,0.0505,0.0588,0.0707
46.5,N,0.0194,0.0285,0.0388,0.0475,0.0582,0.0665
46.55,N,0.021,0.0288,0.042,0.048,0.063,0.0672
46.6,N,0.0196,0.0306,0.0392,0.051,0.0588,0.0714
46.65,N,0.0204,0.0315,0.0408,0.0525,0.0612,0.0735
46.7,N,0.0196,0.0306,0.0392,0.051,0.0588,0.0714
46.75,N,0.0208,0.0294,0.0416,0.049,0.0624,0.0686
46.8,N,0.0196,0.0285,0.0392,0.0475,0.0588,0.0665
46.85,N,0.021,0.0303,0.042,0.0505,0.063,0.0707
46.9,N,0.019,0.03,0.038,0.05,0.057,0.07
46.95,N,0.019,0.0294,0.038,0.049,0.057,0.0686
47,N,0.0194,0.0312,0.0388,0.052,0.0582,0.0728
47.05,N,0.0192,0.0297,0.0384,0.0495,0.0576,0.0693
47.1,N,0.0192,0.0288,0.0384,0.048,0.0576,0.0672
47.15,N,0.0208,0.0306,0.0416,0.051,0.0624,0.0714
47.2,N,0.0202,0.0291,0.0404,0.0485,0.0606,0.0679
47.25,N,0.0208,0.0297,0.0416,0.0495,0.0624,0.0693
47.3,N,0.0194,0.0306,0.0388,0.051,0.0582,0.0714
47.35,N,0.021,0.03,0.042,0.05,0.063,0.07
47.4,N,0.0204,0.0312,0.0408,0.052,0.0612,0.0728
47.45,N,0.0206,0.0312,0.0412,0.052,0.0618,0.0728
47.5,N,0.019,0.03,0.038,0.05,0.057,0.07
47.55,N,0.0208,0.0285,0.0416,0.0475,0.0624,0.0665
47.6,N,0.021,0.0291,0.042,0.0485,0.063,0.0679
47.65,N,0.0194,0.0303,0.0388,0.0505,0.0582,0.0707
47.7,N,0.021,0.0291,0.042,0.0485,0.063,0.0679
47.75,N,0.0208,0.0291,0.0416,0.0485,0.0624,0.0679
47.8,N,0.0198,0.0315,0.0396,0.0525,0.0594,0.0735
47.85,N,0.0194,0.0297,0.0388,0.0495,0.0582,0.0693
47.9,N,0.0192,0.0285,0.0384,0.0475,0.0576,0.0665
47.95,N,0.02,0.0294,0.04,0.049,0.06,0.0686
48,N,0.0196,0.0309,0.0392,0.0515,0.0588,0.0721
48.05,N,0.0206,0.0297,0.0412,0.0495,0.0618,0.0693
48.1,N,0.0194,0.0309,0.0388,0.0515,0.0582,0.0721
48.15,N,0.0204,0.0306,0.0408,0.051,0.0612,0.0714
48.2,N,0.0208,0.0303,0.0416,0.0505,0.0624,0.0707
48.25,N,0.0192,0.0312,0.0384,0.052,0.0576,0.0728
48.3,N,0.0196,0.0309,0.0392,0.0515,0.0588,0.0721
48.35,N,0.0192,0.0288,0.0384,0.048,0.0576,0.0672
48.4,N,0.02,0.0288,0.04,0.048,0.06,0.0672
48.45,N,0.019,0.0288,0.038,0.048,0.057,0.0672
48.5,N,0.02,0.0297,0.04,0.0495,0.06,0.0693
48.55,N,0.021,0.0291,0.042,0.0485,0.063,0.0679
48.6,N,0.0192,0.0291,0.0384,0.0485,0.0576,0.0679
48.65,N,0.0204,0.0315,0.0408,0.0525,0.0612,0.0735
48.7,N,0.0194,0.0315,0.0388,0.0525,0.0582,0.0735
48.75,N,0.02,0.0306,0.04,0.051,0.06,0.0714
48.8,N,0.0208,0.0306,0.0416,0.051,0.0624,0.0714
48.85,N,0.0194,0.0291,0.0388,0.0485,0.0582,0.0679
48.9,N,0.0194,0.0309,0.0388,0.0515,0.0582,0.0721
48.95,N,0.02,0.0297,0.04,0.0495,0.06,0.0693
49,N,0.0202,0.0294,0.0404,0.049,0.0606,0.0686
49.05,N,0.0194,0.0294,0.0388,0.049,0.0582,0.0686
49.1,N,0.0196,0.0303,0.0392,0.0505,0.0588,0.0707
49.15,N,0.019,0.0303,0.038,0.0505,0.057,0.0707
49.2,N,0.0198,0.0312,0.0396,0.052,0.0594,0.0728
49.25,N,0.0204,0.0297,0.0408,0.0495,0.0612,0.0693
49.3,N,0.0194,0.0288,0.0388,0.048,0.0582,0.0672
49.35,N,0.0206,0.0312,0.0412,0.052,0.0618,0.0728
49.4,N,0.0196,0.0315,0.0392,0.0525,0.0588,0.0735
49.45,N,0.019,0.0288,0.038,0.048,0.057,0.0672
49.5,N,0.02,0.0315,0.04,0.0525,0.06,0.0735
49.55,N,0.021,0.0291,0.042,0.0485,0.063,0.0679
49.6,N,0.0208,0.0309,0.0416,0.0515,0.0624,0.0721
49.65,N,0.0206,0.0297,0.0412,0.0495,0.0618,0.0693
49.7,D,0.0192,0.0294,0.0384,0.049,0.0576,0.0686
49.75,D,0.019,0.0309,0.038,0.0515,0.057,0.0721
49.8,D,0.0206,0.0312,0.0412,0.052,0.0618,0.0728
49.85,D,0.0202,0.0303,0.0404,0.0505,0.0606,0.0707
49.9,D,0.021,0.0303,0.042,0.0505,0.063,0.0707
49.95,D,0.0196,0.0309,0.0392,0.0515,0.0588,0.0721
50,D,0.019,0.03,0.038,0.05,0.057,0.07
50.05,D,0.02,0.0303,0.04,0.0505,0.06,0.0707
50.1,D,0.0204,0.0312,0.0408,0.052,0.0612,0.0728
50.15,D,0.0192,0.0294,0.0384,0.049,0.0576,0.0686
50.2,D,0.0206,0.0312,0.0412,0.052,0.0618,0.0728
50.25,D,0.02,0.0309,0.04,0.0515,0.06,0.0721
50.3,D,0.0208,0.0306,0.0416,0.051,0.0624,0.0714
50.35,D,0.02,0.0288,0.04,0.048,0.06,0.0672
50.4,D,0.0206,0.0303,0.0412,0.0505,0.0618,0.0707
50.45,D,0.0204,0.0288,0.0408,0.048,0.0612,0.0672
50.5,D,0.0208,0.0306,0.0416,0.051,0.0624,0.0714
50.55,D,0.0206,0.0285,0.0412,0.0475,0.0618,0.0665
50.6,D,0.0206,0.03,0.0412,0.05,0.0618,0.07
50.65,D,0.019,0.0309,0.038,0.0515,0.057,0.0721
50.7,D,0.0202,0.0312,0.0404,0.052,0.0606,0.0728
50.75,D,0.021,0.0288,0.042,0.048,0.063,0.0672
50.8,D,0.0208,0.0306,0.0416,0.051,0.0624,0.0714
50.85,D,0.0204,0.0288,0.0408,0.048,0.0612,0.0672
50.9,D,0.021,0.0315,0.042,0.0525,0.063,0.0735
50.95,D,0.0208,0.0309,0.0416,0.0515,0.0624,0.0721
51,D,0.0202,0.0297,0.0404,0.0495,0.0606,0.0693
51.05,D,0.02,0.0315,0.04,0.0525,0.06,0.0735
51.1,D,0.0192,0.0309,0.0384,0.0515,0.0576,0.0721
51.15,D,0.0196,0.0303,0.0392,0.0505,0.0588,0.0707
51.2,D,0.0206,0.0285,0.0412,0.0475,0.0618,0.0665
51.25,D,0.021,0.0285,0.042,0.0475,0.063,0.0665
51.3,D,0.0194,0.0312,0.0388,0.052,0.0582,0.0728
51.35,D,0.0202,0.0303,0.0404,0.0505,0.0606,0.0707
51.4,D,0.0192,0.0288,0.0384,0.048,0.0576,0.0672
51.45,D,0.0196,0.0294,0.0392,0.049,0.0588,0.0686
51.5,D,0.021,0.0285,0.042,0.0475,0.063,0.0665
51.55,D,0.0206,0.0312,0.0412,0.052,0.0618,0.0728
51.6,D,0.0194,0.0297,0.0388,0.0495,0.0582,0.0693
51.65,D,0.0204,0.0285,0.0408,0.0475,0.0612,0.0665
51.7,D,0.0192,0.0294,0.0384,0.049,0.0576,0.0686
51.75,D,0.0198,0.0312,0.0396,0.052,0.0594,0.0728
51.8,D,0.02,0.0312,0.04,0.052,0.06,0.0728
51.85,D,0.0202,0.0294,0.0404,0.049,0.0606,0.0686
51.9,D,0.0192,0.0303,0.0384,0.0505,0.0576,0.0707
51.95,D,0.0208,0.0309,0.0416,0.0515,0.0624,0.0721
52,D,0.021,0.0288,0.042,0.048,0.063,0.0672
52.05,D,0.021,0.0312,0.042,0.052,0.063,0.0728
52.1,D,0.0192,0.0294,0.0384,0.049,0.0576,0.0686
52.15,D,0.021,0.0312,0.042,0.052,0.063,0.0728
52.2,D,0.02,0.0309,0.04,0.0515,0.06,0.0721
52.25,D,0.0208,0.0315,0.0416,0.0525,0.0624,0.0735
52.3,D,0.0196,0.0294,0.0392,0.049,0.0588,0.0686
52.35,D,0.0202,0.0312,0.0404,0.052,0.0606,0.0728
52.4,D,0.0192,0.0294,0.0384,0.049,0.0576,0.0686
52.45,D,0.02,0.0297,0.04,0.0495,0.06,0.0693
52.5,D,0.0206,0.0291,0.0412,0.0485,0.0618,0.0679
52.55,D,0.0208,0.0288,0.0416,0.048,0.0624,0.0672
52.6,D,0.021,0.03,0.042,0.05,0.063,0.07
52.65,D,0.0202,0.03,0.0404,0.05,0.0606,0.07
52.7,D,0.0198,0.0285,0.0396,0.0475,0.0594,0.0665
52.75,D,0.0206,0.0303,0.0412,0.0505,0.0618,0.0707
52.8,D,0.0192,0.0312,0.0384,0.052,0.0576,0.0728
52.85,D,0.0198,0.0306,0.0396,0.051,0.0594,0.0714
52.9,D,0.0206,0.0309,0.0412,0.0515,0.0618,0.0721
52.95,D,0.0196,0.0315,0.0392,0.0525,0.0588,0.0735
53,D,0.0204,0.0291,0.0408,0.0485,0.0612,0.0679
53.05,D,0.0194,0.0315,0.0388,0.0525,0.0582,0.0735
53.1,D,0.019,0.0306,0.038,0.051,0.057,0.0714
53.15,D,0.0206,0.0315,0.0412,0.0525,0.0618,0.0735
53.2,D,0.0198,0.0306,0.0396,0.051,0.0594,0.0714
53.25,D,0.0208,0.0309,0.0416,0.0515,0.0624,0.0721
53.3,D,0.0198,0.0306,0.0396,0.051,0.0594,0.0714
53.35,D,0.0198,0.0306,0.0396,0.051,0.0594,0.0714
53.4,D,0.0196,0.0303,0.0392,0.0505,0.0588,0.0707
53.45,D,0.0204,0.0288,0.0408,0.048,0.0612,0.0672
53.5,D,0.0198,0.03,0.0396,0.05,0.0594,0.07
53.55,D,0.0198,0.0288,0.0396,0.048,0.0594,0.0672
53.6,D,0.0192,0.0315,0.0384,0.0525,0.0576,0.0735
53.65,D,0.0208,0.0306,0.0416,0.051,0.0624,0.0714
53.7,D,0.0194,0.0288,0.0388,0.048,0.0582,0.0672
53.75,D,0.0208,0.03,0.0416,0.05,0.0624,0.07
53.8,D,0.021,0.0306,0.042,0.051,0.063,0.0714
53.85,D,0.0202,0.0285,0.0404,0.0475,0.0606,0.0665
53.9,D,0.019,0.0309,0.038,0.0515,0.057,0.0721
53.95,D,0.0206,0.0312,0.0412,0.052,0.0618,0.0728
54,D,0.021,0.0315,0.042,0.0525,0.063,0.0735
54.05,D,0.0194,0.0309,0.0388,0.0515,0.0582,0.0721
54.1,D,0.0192,0.0285,0.0384,0.0475,0.0576,0.0665
54.15,D,0.0194,0.0303,0.0388,0.0505,0.0582,0.0707
54.2,D,0.0196,0.0315,0.0392,0.0525,0.0588,0.0735
54.25,D,0.021,0.03,0.042,0.05,0.063,0.07
54.3,D,0.019,0.0312,0.038,0.052,0.057,0.0728
54.35,D,0.0202,0.0309,0.0404,0.0515,0.0606,0.0721
54.4,D,0.0192,0.0312,0.0384,0.052,0.0576,0.0728
54.45,D,0.0206,0.0315,0.0412,0.0525,0.0618,0.0735
54.5,D,0.02,0.0288,0.04,0.048,0.06,0.0672
54.55,D,0.0194,0.0312,0.0388,0.052,0.0582,0.0728
54.6,D,0.021,0.0294,0.042,0.049,0.063,0.0686
54.65,D,0.021,0.0297,0.042,0.0495,0.063,0.0693
54.7,D,0.019,0.0312,0.038,0.052,0.057,0.0728
54.75,D,0.0196,0.0306,0.0392,0.051,0.0588,0.0714
54.8,D,0.02,0.0285,0.04,0.0475,0.06,0.0665
54.85,D,0.021,0.0285,0.042,0.0475,0.063,0.0665
54.9,D,0.02,0.0285,0.04,0.0475,0.06,0.0665
54.95,D,0.0194,0.0288,0.0388,0.048,0.0582,0.0672
55,D,0.0194,0.0315,0.0388,0.0525,0.0582,0.0735
55.05,D,0.02,0.0291,0.04,0.0485,0.06,0.0679
55.1,D,0.0208,0.0315,0.0416,0.0525,0.0624,0.0735
55.15,D,0.0196,0.0309,0.0392,0.0515,0.0588,0.0721
55.2,D,0.0208,0.0291,0.0416,0.0485,0.0624,0.0679
55.25,D,0.019,0.0294,0.038,0.049,0.057,0.0686
55.3,D,0.0198,0.0315,0.0396,0.0525,0.0594,0.0735
55.35,D,0.02,0.03,0.04,0.05,0.06,0.07
55.4,D,0.0202,0.0285,0.0404,0.0475,0.0606,0.0665
55.45,D,0.0206,0.0297,0.0412,0.0495,0.0618,0.0693
55.5,D,0.0198,0.0312,0.0396,0.052,0.0594,0.0728
55.55,D,0.0208,0.0306,0.0416,0.051,0.0624,0.0714
55.6,D,0.0194,0.0297,0.0388,0.0495,0.0582,0.0693
55.65,D,0.0208,0.03,0.0416,0.05,0.0624,0.07
55.7,D,0.021,0.0315,0.042,0.0525,0.063,0.0735
55.75,D,0.0194,0.0291,0.0388,0.0485,0.0582,0.0679
55.8,D,0.0196,0.0285,0.0392,0.0475,0.0588,0.0665
55.85,D,0.0202,0.03,0.0404,0.05,0.0606,0.07
55.9,D,0.0206,0.0294,0.0412,0.049,0.0618,0.0686
55.95,D,0.019,0.0312,0.038,0.052,0.057,0.0728
56,D,0.0196,0.03,0.0392,0.05,0.0588,0.07
56.05,D,0.0198,0.03,0.0396,0.05,0.0594,0.07
56.1,D,0.0204,0.0297,0.0408,0.0495,0.0612,0.0693
56.15,D,0.0208,0.0297,0.0416,0.0495,0.0624,0.0693
56.2,D,0.0196,0.0297,0.0392,0.0495,0.0588,0.0693
56.25,D,0.019,0.0294,0.038,0.049,0.057,0.0686
56.3,D,0.0208,0.0285,0.0416,0.0475,0.0624,0.0665
56.35,D,0.02,0.0291,0.04,0.0485,0.06,0.0679
56.4,D,0.0196,0.0312,0.0392,0.052,0.0588,0.0728
56.45,D,0.0208,0.0303,0.0416,0.0505,0.0624,0.0707
56.5,D,0.0194,0.0285,0.0388,0.0475,0.0582,0.0665
56.55,D,0.0202,0.0303,0.0404,0.0505,0.0606,0.0707
56.6,D,0.019,0.0303,0.038,0.0505,0.057,0.0707
56.65,D,0.0208,0.0309,0.0416,0.0515,0.0624,0.0721
56.7,D,0.0206,0.03,0.0412,0.05,0.0618,0.07
56.75,D,0.021,0.0294,0.042,0.049,0.063,0.0686
56.8,D,0.0198,0.0315,0.0396,0.0525,0.0594,0.0735
56.85,P,0.0196,0.03,0.0392,0.05,0.0588,0.07
56.9,P,0.019,0.03,0.038,0.05,0.057,0.07
56.95,P,0.0194,0.0297,0.0388,0.0495,0.0582,0.0693
57,P,0.0192,0.0288,0.0384,0.048,0.0576,0.0672
57.05,P,0.0198,0.03,0.0396,0.05,0.0594,0.07
57.1,P,0.019,0.0306,0.038,0.051,0.057,0.0714
57.15,P,0.0194,0.0288,0.0388,0.048,0.0582,0.0672
57.2,P,0.0196,0.0312,0.0392,0.052,0.0588,0.0728
57.25,P,0.0204,0.0297,0.0408,0.0495,0.0612,0.0693
57.3,P,0.0192,0.0312,0.0384,0.052,0.0576,0.0728
57.35,P,0.0208,0.0285,0.0416,0.0475,0.0624,0.0665
57.4,P,0.0204,0.0291,0.0408,0.0485,0.0612,0.0679
57.45,P,0.0204,0.0315,0.0408,0.0525,0.0612,0.0735
57.5,P,0.021,0.0309,0.042,0.0515,0.063,0.0721
